id,Name,Release_Date,Last_Update,Number_of_Rating,Rating,Plugin_Link
1,Elementor Website Builder - More Than Just a Page Builder,2016-05-30 12:46:01,2024-12-16 16:33:54,6972,4.6,wordpress.org/plugins/elementor/
2,Yoast SEO,2010-10-11 20:55:35,2024-12-18 08:53:13,27747,4.8,wordpress.org/plugins/wordpress-seo/
3,Contact Form 7,2007-08-02 12:43:39,2024-11-27 08:43:55,2120,4.0,wordpress.org/plugins/?p=158
4,WooCommerce,2011-09-27 15:32:48,2024-12-17 11:36:58,4432,4.5,wordpress.org/plugins/woocommerce/
5,"WPForms - Easy Form Builder for WordPress - Contact Forms, Payment Forms, Surveys, & More",2016-03-14 17:56:06,2024-12-03 13:12:17,14014,4.9,wordpress.org/plugins/?p=42561
6,LiteSpeed Cache,2016-01-29 16:31:37,2024-12-16 20:14:21,2567,4.8,wordpress.org/plugins/litespeed-cache/
7,Akismet Anti-spam: Spam Protection,2005-10-20 08:57:41,2024-11-19 02:02:40,1101,4.7,wordpress.org/plugins/akismet/
8,All-in-One WP Migration and Backup,2014-01-07 08:51:04,2024-10-15 13:21:41,7482,4.5,wordpress.org/plugins/all-in-one-wp-migration/
9,"Site Kit by Google - Analytics, Search Console, AdSense, Speed",2019-10-31 23:09:09,2024-12-16 22:21:36,902,4.2,wordpress.org/plugins/google-site-kit/
10,"Jetpack - WP Security, Backup, Speed, & Growth",2011-01-20 02:21:38,2024-12-03 21:54:18,2195,3.7,wordpress.org/plugins/jetpack/
11,Yoast Duplicate Post,2007-12-05 17:39:09,2024-11-11 09:18:04,514,4.7,wordpress.org/plugins/?p=172
12,Rank Math SEO – AI SEO Tools to Dominate SEO Rankings,2018-11-19 17:45:58,2024-12-11 07:48:54,6922,4.9,wordpress.org/plugins/seo-by-rank-math/
13,Duplicate Page,2016-05-04 07:51:37,2024-07-29 10:47:11,397,4.8,wordpress.org/plugins/?p=43506
14,UpdraftPlus: WP Backup & Migration Plugin,2012-05-22 05:13:18,2024-11-15 18:24:57,7792,4.8,wordpress.org/plugins/?p=182
15,WordPress Importer,2010-05-20 18:48:47,2024-10-22 09:32:28,311,3.1,wordpress.org/plugins/?p=50
16,MonsterInsights - Google Analytics Dashboard for WordPress (Website Stats Made Easy),2007-09-14 12:02:31,2024-12-13 14:49:22,3015,4.5,wordpress.org/plugins/google-analytics-for-wordpress/
17,WP Mail SMTP by WPForms - The Most Popular SMTP and Email Log Plugin,2007-09-12 17:34:11,2024-12-11 14:48:27,4658,4.8,wordpress.org/plugins/wp-mail-smtp/
18,All in One SEO – Powerful SEO Plugin to Boost SEO Rankings & Increase Traffic,2007-03-30 19:30:03,2024-12-12 12:31:57,4550,4.7,wordpress.org/plugins/all-in-one-seo-pack/
19,Hostinger Tools,2023-11-03 09:53:38,2024-12-09 10:56:41,17,2.8,wordpress.org/plugins/hostinger/
20,Classic Widgets,2021-05-05 19:47:16,2024-11-12 22:34:50,256,4.9,wordpress.org/plugins/?p=140621
21,"Essential Addons for Elementor – Popular Elementor Addon With Ready Templates, Advanced Widgets, Kits & WooCommerce Builders",2017-07-20 02:36:03,2024-12-15 09:18:50,3663,4.9,wordpress.org/plugins/essential-addons-for-elementor-lite/
22,Ultimate Addons for Elementor (Formerly Elementor Header & Footer Builder),2017-03-07 06:26:56,2024-12-04 09:04:48,2479,4.9,wordpress.org/plugins/?p=55051
23,Limit Login Attempts Reloaded,2016-08-03 16:42:57,2024-11-05 16:43:16,1320,4.9,wordpress.org/plugins/?p=50030
24,MC4WP: Mailchimp for WordPress,2013-06-19 04:50:51,2024-12-18 13:08:00,1467,4.8,wordpress.org/plugins/mailchimp-for-wp/
25,WPCode - Insert Headers and Footers + Custom Code Snippets - WordPress Code Manager,2012-07-12 15:16:28,2024-12-11 16:35:54,1473,4.9,wordpress.org/plugins/insert-headers-and-footers/
26,Advanced Custom Fields (ACF),2011-03-25 05:34:35,2024-12-14 01:45:36,1411,4.4,wordpress.org/plugins/advanced-custom-fields/
27,Redirection,2007-09-10 04:34:31,2024-11-24 14:12:34,662,4.4,wordpress.org/plugins/?p=187
28,Advanced Editor Tools,2007-06-22 06:02:53,2024-04-04 21:35:26,346,4.5,wordpress.org/plugins/?p=165
29,ElementsKit Elementor addons,2019-07-06 06:27:48,2024-12-08 12:18:34,1766,4.9,wordpress.org/plugins/elementskit-lite/
30,Envato Elements - Photos & Elementor Templates,2018-07-31 01:56:32,2024-12-12 04:34:51,66,3.8,wordpress.org/plugins/envato-elements/
31,Complianz - GDPR/CCPA Cookie Consent,2018-06-26 12:32:37,2024-11-14 14:01:02,1429,4.8,wordpress.org/plugins/complianz-gdpr/
32,Spectra - WordPress Gutenberg Blocks,2018-06-13 09:30:52,2024-12-12 09:05:33,1684,4.7,wordpress.org/plugins/ultimate-addons-for-gutenberg/
33,"Starter Templates — Elementor, WordPress & Beaver Builder Templates",2017-07-26 08:27:03,2024-12-16 06:10:53,4970,5.0,wordpress.org/plugins/astra-sites/
34,One Click Demo Import,2016-03-25 13:28:02,2024-10-10 12:25:02,75,4.3,wordpress.org/plugins/?p=42732
35,Loginizer,2016-01-27 05:33:09,2024-11-18 12:45:44,989,4.8,wordpress.org/plugins/?p=365
36,Safe SVG,2015-07-03 21:55:28,2024-12-05 16:58:21,73,4.9,wordpress.org/plugins/?p=37343
37,"Popup Builder by OptinMonster - WordPress Popups for Optins, Email Newsletters and Lead Generation",2015-04-26 02:09:01,2024-12-04 15:45:10,779,4.3,wordpress.org/plugins/?p=1042
38,Better Search Replace,2015-01-06 02:04:02,2024-07-16 07:16:16,528,4.3,wordpress.org/plugins/better-search-replace/
39,Smash Balloon Social Photo Feed – Easy Social Feeds Plugin,2014-07-23 15:54:17,2024-11-19 17:14:44,4251,4.9,wordpress.org/plugins/?p=251
40,SVG Support,2014-07-22 22:44:55,2024-08-11 15:15:53,341,4.8,wordpress.org/plugins/?p=1061
